Company,-1,0,1
140proof,0.0,0.0,1.0
1stdibs,0.0,0.0,1.0
2c2p,0.0,0.0,1.0
2tor,0.0,0.0,1.0
365datacenters,0.0,0.0,1.0
365scores,0.0,0.0,1.0
36kr,0.0,0.0,1.0
3drobotics,0.0,0.0,1.0
41stparameter,1.0,0.0,0.0
42floors,0.0,0.0,1.0
4home,0.0,0.0,1.0
500friends,0.0,0.0,1.0
5minmedia,0.0,0.0,1.0
6fusion,0.0,0.0,1.0
6sense,0.0,0.0,1.0
8dworld,0.0,0.0,1.0
8securities,0.0,0.0,1.0
8thbridge,0.0,0.0,1.0
abilto,0.0,0.0,1.0
abiquo,0.0,0.0,1.0
ablelending,0.0,0.0,1.0
ableplanet,0.0,0.0,1.0
abodo,0.0,0.0,1.0
accellion,0.0,0.0,1.0
accelops,0.0,0.0,1.0
accertify,0.0,0.0,1.0
accioenergy,0.0,0.0,1.0
accuvein,0.0,0.0,1.0
acemetrix,0.0,0.0,1.0
achatespower,0.0,0.0,1.0
achievers,0.0,0.0,1.0
activepath,0.0,0.0,1.0
actonsoftware,0.0,0.0,1.0
acumatica,0.0,0.0,1.0
acumenholdings,0.0,0.0,1.0
adaptiveblue,0.0,0.0,1.0
adaptivecomputing,0.0,0.0,1.0
adaptivity,0.0,0.0,1.0
adaptly,0.0,0.0,1.0
adbrite,0.0,0.0,1.0
addepar,0.0,0.0,1.0
adeven,0.0,0.0,1.0
adkeeper,0.0,0.0,1.0
admantx,0.0,0.0,1.0
admeld,0.0,0.0,1.0
adometry,0.0,0.0,1.0
adready,0.0,0.0,1.0
adroll,0.0,0.0,1.0
adscale,0.0,0.0,1.0
adultspace,0.0,0.0,1.0
advandx,0.0,0.0,1.0
adxpose,0.0,0.0,1.0
adzcentral,0.0,0.0,1.0
affectiva,0.0,0.0,1.0
agilone,0.0,0.0,1.0
agilyx,0.0,0.0,1.0
aginfolink,0.0,0.0,1.0
agnitio,0.0,0.0,1.0
agrivida,0.0,0.0,1.0
ahalife,0.0,0.0,1.0
aicent,0.0,0.0,1.0
aipai,0.0,0.0,1.0
airshipventures,0.0,0.0,1.0
airspan,0.0,0.0,1.0
airware,0.0,0.0,1.0
akimbo,0.0,0.0,1.0
alertenterprise,0.0,0.0,1.0
alertlogic,0.0,0.0,1.0
alertme,0.0,0.0,1.0
alfresco,0.0,0.0,1.0
alienvault,0.0,0.0,1.0
allegiance,0.0,0.0,1.0
allocure,1.0,0.0,0.0
allylix,0.0,1.0,0.0
alphabetenergy,0.0,0.0,1.0
alpinedatalabs,0.0,0.0,1.0
altairsemiconductor,0.0,0.0,1.0
altobeam,0.0,1.0,0.0
altruik,0.0,0.0,1.0
amec,0.0,0.0,1.0
amiestreet,0.0,0.0,1.0
amplience,0.0,0.0,1.0
amplifinity,0.0,0.0,1.0
amprius,0.0,0.0,1.0
ampulse,0.0,0.0,1.0
anchorfree,0.0,0.0,1.0
andera,0.0,0.0,1.0
angioslide,0.0,0.0,1.0
aniboom,0.0,0.0,1.0
animoto,0.0,0.0,1.0
anthemisgroup,0.0,0.0,1.0
apalya,0.0,0.0,1.0
aplossoftware,0.0,1.0,0.0
appannie,0.0,0.0,1.0
appcelerator,0.0,0.0,1.0
appconomy,0.0,0.0,1.0
appfirst,0.0,0.0,1.0
appfog,0.0,0.0,1.0
appirio,0.0,0.0,1.0
appistry,0.0,1.0,0.0
applause,0.0,0.0,1.0
appliedlogic,0.0,0.0,1.0
appnomicsystems,0.0,0.0,1.0
apprenda,0.0,0.0,1.0
aptana,0.0,0.0,1.0
aptera,0.0,0.0,1.0
aquesys,0.0,1.0,0.0
aquto,0.0,0.0,1.0
aratanatherapeutics,0.0,0.0,1.0
ardelyx,0.0,0.0,1.0
area1security,0.0,0.0,1.0
argyledata,0.0,0.0,1.0
argylesocial,0.0,0.0,1.0
ariasystems,0.0,0.0,1.0
aristotlecircle,0.0,0.0,1.0
arrayent,0.0,0.0,1.0
arsanis,0.0,1.0,0.0
arteris,0.0,0.0,1.0
articleonepartners,0.0,0.0,1.0
artspace,0.0,0.0,1.0
artsy,0.0,0.0,1.0
artwise,0.0,0.0,1.0
aryakanetworks,0.0,0.0,1.0
asana,0.0,0.0,1.0
asetek,0.0,0.0,1.0
aspirehealth,1.0,0.0,0.0
assistly,0.0,0.0,1.0
assurexhealth,0.0,0.0,1.0
astutenetworks,0.0,0.0,1.0
aternity,0.0,0.0,1.0
athoc,0.0,1.0,0.0
atlantiscomputing,0.0,0.0,1.0
attributor,0.0,0.0,1.0
attunefoods,0.0,0.0,1.0
augmenix,0.0,1.0,0.0
authentix,0.0,0.0,1.0
automatedinsights,0.0,0.0,1.0
automatic,0.0,0.0,1.0
autovirt,0.0,1.0,0.0
avaak,0.0,0.0,1.0
avedro,0.0,0.0,1.0
avegant,0.0,0.0,1.0
aveksa,0.0,0.0,1.0
averesystems,0.0,0.0,1.0
aviir,0.0,0.0,1.0
awareness,0.0,0.0,1.0
awox,0.0,0.0,1.0
axial,0.0,0.0,1.0
axxana,1.0,0.0,0.0
ayasdi,0.0,0.0,1.0
aylanetworks,0.0,0.0,1.0
b5m,0.0,1.0,0.0
backupify,0.0,0.0,1.0
balihoo,0.0,0.0,1.0
balluun,0.0,0.0,1.0
bandpage,0.0,0.0,1.0
banjo,0.0,0.0,1.0
baronova,0.0,0.0,1.0
basecrm,0.0,0.0,1.0
baublebar,0.0,0.0,1.0
baynote,0.0,0.0,1.0
bayru,0.0,0.0,1.0
beckon,0.0,0.0,1.0
become,0.0,0.0,1.0
beepi,0.0,0.0,1.0
bellabox,0.0,0.0,1.0
belly,0.0,0.0,1.0
benechill,0.0,0.0,1.0
betaworks,0.0,0.0,1.0
bettercloud,0.0,0.0,1.0
betterment,0.0,0.0,1.0
between,0.0,0.0,1.0
beyondtherack,0.0,0.0,1.0
bigdoor,0.0,0.0,1.0
bigfootnetworks,0.0,0.0,1.0
billguard,0.0,0.0,1.0
billtrust,0.0,0.0,1.0
biocept,0.0,1.0,0.0
birchbox,0.0,0.0,1.0
bitglass,0.0,0.0,1.0
bitly,0.0,0.0,1.0
bitwave,0.0,0.0,1.0
bizible,0.0,0.0,1.0
bizo,0.0,0.0,1.0
blackwave,0.0,0.0,1.0
blogher,0.0,0.0,1.0
blogtalkradio,0.0,1.0,0.0
bloomhealth,0.0,0.0,1.0
bloomreach,0.0,1.0,0.0
bloomspot,0.0,0.0,1.0
blueapron,0.0,0.0,1.0
bluebox,0.0,0.0,1.0
bluecava,0.0,1.0,0.0
bluepillar,0.0,0.0,1.0
bluestacks,0.0,1.0,0.0
bodyshopbids,0.0,0.0,1.0
boku,0.0,0.0,1.0
bookingbug,0.0,0.0,1.0
bookshout,0.0,0.0,1.0
boomi,0.0,0.0,1.0
boostmedia,0.0,0.0,1.0
booyah,0.0,0.0,1.0
bountyjobs,0.0,0.0,1.0
boxee,0.0,1.0,0.0
boxfish,0.0,0.0,1.0
boxtone,0.0,0.0,1.0
bplglobal,0.0,0.0,1.0
brammo,0.0,0.0,1.0
branchout,0.0,0.0,1.0
brandaffinitytechnologies,0.0,0.0,1.0
brandwatch,0.0,0.0,1.0
breather,0.0,0.0,1.0
brickstream,0.0,0.0,1.0
bridgevine,0.0,0.0,1.0
bright,0.0,0.0,1.0
brightcomputing,0.0,0.0,1.0
brightedge,0.0,0.0,1.0
brighter,0.0,0.0,1.0
brightpearl,0.0,0.0,1.0
brightroll,0.0,0.0,1.0
brightscope,0.0,0.0,1.0
brighttag,0.0,0.0,1.0
brightwhistle,0.0,0.0,1.0
bromium,0.0,0.0,1.0
buddytv,0.0,0.0,1.0
bumptechnologies,0.0,0.0,1.0
bunchball,0.0,0.0,1.0
bungeelabs,0.0,0.0,1.0
businessinsider,0.0,1.0,0.0
buyvip,0.0,1.0,0.0
buywithme,0.0,0.0,1.0
buzzfeed,0.0,0.0,1.0
bvinetworks,0.0,0.0,1.0
byallaccounts,0.0,0.0,1.0
c2fo,0.0,0.0,1.0
c3nano,0.0,0.0,1.0
cafemom,0.0,1.0,0.0
calsys,0.0,0.0,1.0
capriza,0.0,0.0,1.0
capthat,0.0,1.0,0.0
captricity,0.0,0.0,1.0
cardiofocus,0.0,0.0,1.0
cardiox,0.0,0.0,1.0
cardlytics,0.0,0.0,1.0
carticeptmedical,0.0,0.0,1.0
cash4gold,0.0,0.0,1.0
cashstar,0.0,0.0,1.0
catavolt,0.0,0.0,1.0
causata,0.0,0.0,1.0
causes,1.0,0.0,0.0
cawi,0.0,0.0,1.0
cebix,0.0,0.0,1.0
cellscape,0.0,0.0,1.0
centrify,0.0,1.0,0.0
cequr,0.0,1.0,0.0
ceregene,0.0,0.0,1.0
cernostics,0.0,0.0,1.0
certivox,0.0,0.0,1.0
cfares,0.0,0.0,1.0
chacha,0.0,0.0,1.0
chango,0.0,1.0,0.0
channelinsight,0.0,0.0,1.0
channeliq,0.0,0.0,1.0
chargebee,0.0,0.0,1.0
charlesschwab,0.0,0.0,1.0
chartbeat,0.0,0.0,1.0
chartboost,0.0,0.0,1.0
checkpointsurgical,0.0,0.0,1.0
chipin,0.0,0.0,1.0
chooseenergy,0.0,0.0,1.0
chunyu,0.0,0.0,1.0
ciannamedical,0.0,0.0,1.0
cicayda,0.0,0.0,1.0
ciespace,0.0,1.0,0.0
cinchcast,0.0,0.0,1.0
cirba,0.0,0.0,1.0
circle,0.0,0.0,1.0
circleup,0.0,0.0,1.0
circulite,0.0,1.0,0.0
classpass,0.0,0.0,1.0
clearslide,0.0,0.0,1.0
clearstorydata,0.0,0.0,1.0
clevelandheartlab,0.0,0.0,1.0
clever,0.0,0.0,1.0
clickatell,0.0,0.0,1.0
clicker,0.0,0.0,1.0
clickfox,0.0,0.0,1.0
clickfuel,0.0,0.0,1.0
clicksquared,0.0,0.0,1.0
clinicient,0.0,0.0,1.0
clinverse,0.0,0.0,1.0
cloudbees,0.0,0.0,1.0
cloudcrowd,0.0,1.0,0.0
cloudcruiser,0.0,0.0,1.0
cloudflare,0.0,0.0,1.0
cloudian,0.0,0.0,1.0
cloudmade,0.0,0.0,1.0
cloudon,0.0,0.0,1.0
cloudphysics,0.0,0.0,1.0
cloudscaling,0.0,0.0,1.0
cloudshare,0.0,0.0,1.0
cloudsherpas,0.0,0.0,1.0
cloudswitch,0.0,0.0,1.0
cloudvelocity,0.0,0.0,1.0
clustrix,0.0,0.0,1.0
clypd,0.0,0.0,1.0
coalfire,0.0,0.0,1.0
codecademy,0.0,0.0,1.0
coderyte,0.0,0.0,1.0
cognitivematch,0.0,0.0,1.0
cohodata,0.0,0.0,1.0
collectivehealth,0.0,0.0,1.0
colorescience,0.0,0.0,1.0
colorlabs,0.0,0.0,1.0
cometsolutions,0.0,0.0,1.0
commonfloor,0.0,0.0,1.0
comprehend,0.0,0.0,1.0
conductor,0.0,0.0,1.0
conduitlabs,0.0,0.0,1.0
confidela,0.0,0.0,1.0
conjugon,0.0,0.0,1.0
connectandsell,0.0,0.0,1.0
connectedu,0.0,0.0,1.0
connotate,0.0,0.0,1.0
consensuspoint,0.0,0.0,1.0
contextream,0.0,0.0,1.0
contextrelevant,0.0,0.0,1.0
contextweb,0.0,0.0,1.0
controlscan,0.0,0.0,1.0
convercent,0.0,0.0,1.0
conviva,0.0,0.0,1.0
coolerado,0.0,0.0,1.0
cooliris,0.0,0.0,1.0
coolitsystems,0.0,0.0,1.0
coolplanetbiofuels,0.0,0.0,1.0
coraid,0.0,0.0,1.0
coretrace,0.0,0.0,1.0
cornova,0.0,0.0,1.0
correx,0.0,0.0,1.0
corventis,0.0,0.0,1.0
coskata,0.0,0.0,1.0
cotap,0.0,0.0,1.0
coub,0.0,1.0,0.0
covestor,0.0,0.0,1.0
creditbenchmark,0.0,0.0,1.0
creditkarma,0.0,0.0,1.0
creditsesame,0.0,0.0,1.0
credorax,0.0,0.0,1.0
crimereports,0.0,0.0,1.0
crimsonhexagon,0.0,0.0,1.0
crispmedia,0.0,0.0,1.0
criteo,0.0,0.0,1.0
crittercism,0.0,0.0,1.0
crossloop,0.0,0.0,1.0
crowdcube,0.0,0.0,1.0
crowdflower,0.0,0.0,1.0
crowdpark,0.0,0.0,1.0
crowdtap,0.0,0.0,1.0
crowdtwist,0.0,0.0,1.0
crownbioscience,0.0,0.0,1.0
csamedical,0.0,0.0,1.0
cubictelecom,0.0,0.0,1.0
cumulusnetworks,0.0,0.0,1.0
currencycloud,0.0,0.0,1.0
custommade,0.0,0.0,1.0
cvidya,0.0,1.0,0.0
cybercity3d,0.0,0.0,1.0
cyberheart,0.0,1.0,0.0
cyberrain,0.0,0.0,1.0
cylance,0.0,0.0,1.0
cyphort,0.0,0.0,1.0
cytodyn,0.0,0.0,1.0
d2s,0.0,0.0,1.0
dachisgroup,0.0,0.0,1.0
dailymotion,0.0,1.0,0.0
dailysecret,0.0,0.0,1.0
dancejam,0.0,0.0,1.0
daojia,0.0,0.0,1.0
datadog,0.0,0.0,1.0
datagravity,0.0,0.0,1.0
dataguise,0.0,0.0,1.0
datallegro,0.0,0.0,1.0
datalogix,0.0,0.0,1.0
datameer,0.0,0.0,1.0
datapop,0.0,0.0,1.0
datasift,0.0,0.0,1.0
datasphere,0.0,0.0,1.0
datorama,0.0,0.0,1.0
dayima,0.0,0.0,1.0
daylife,0.0,0.0,1.0
dealsandyou,0.0,0.0,1.0
decide,0.0,0.0,1.0
decisyon,0.0,0.0,1.0
deliveroo,0.0,0.0,1.0
delphix,0.0,0.0,1.0
desihits,0.0,0.0,1.0
desktone,0.0,0.0,1.0
deviantart,0.0,0.0,1.0
dewmobile,0.0,0.0,1.0
dhgate,0.0,0.0,1.0
diagnosoft,0.0,1.0,0.0
digabit,0.0,0.0,1.0
digg,0.0,0.0,1.0
digitalbridgecommunications,0.0,0.0,1.0
digitalchocolate,0.0,0.0,1.0
dimdim,0.0,0.0,1.0
discoverybaygames,0.0,0.0,1.0
disqus,0.0,0.0,1.0
distilnetworks,0.0,0.0,1.0
divante,0.0,0.0,1.0
divergence,1.0,0.0,0.0
divide,0.0,0.0,1.0
dizzywood,0.0,0.0,1.0
dnanexus,0.0,0.0,1.0
docplanner,0.0,0.0,1.0
docstoc,0.0,0.0,1.0
docutap,0.0,0.0,1.0
dogvacay,0.0,0.0,1.0
domainsurgical,0.0,0.0,1.0
doordash,0.0,0.0,1.0
dotblu,0.0,0.0,1.0
dotcloud,0.0,0.0,1.0
doubleverify,0.0,0.0,1.0
doximity,0.0,0.0,1.0
doxo,0.0,0.0,1.0
dramafever,0.0,0.0,1.0
drawbridge,0.0,0.0,1.0
dreamlines,0.0,0.0,1.0
drivecam,0.0,0.0,1.0
driverside,0.0,0.0,1.0
drobo,0.0,0.0,1.0
duedil,0.0,0.0,1.0
duolingo,0.0,0.0,1.0
duosecurity,0.0,0.0,1.0
dwolla,0.0,0.0,1.0
dxterity,0.0,0.0,1.0
dynamicsignal,0.0,0.0,1.0
e4health,0.0,0.0,1.0
earlysense,0.0,0.0,1.0
easytaxi,0.0,0.0,1.0
eatclub,0.0,0.0,1.0
ebureau,0.0,0.0,1.0
ebyline,0.0,0.0,1.0
echonest,0.0,0.0,1.0
ecobee,0.0,0.0,1.0
ecofactor,0.0,0.0,1.0
ecomotors,0.0,0.0,1.0
edeniq,0.0,0.0,1.0
edgaronline,0.0,0.0,1.0
edgeware,0.0,0.0,1.0
edmodo,0.0,0.0,1.0
eightfoldlogic,0.0,1.0,0.0
ektron,0.0,0.0,1.0
elacarte,0.0,0.0,1.0
elastra,0.0,0.0,1.0
elementaltechnologies,0.0,0.0,1.0
elenza,0.0,0.0,1.0
elonics,0.0,0.0,1.0
embotics,0.0,0.0,1.0
emeraldtherapeutics,0.0,0.0,1.0
emeter,0.0,0.0,1.0
eminor,0.0,1.0,0.0
emsense,0.0,0.0,1.0
enclarity,0.0,0.0,1.0
endocyte,0.0,0.0,1.0
endplay,0.0,0.0,1.0
enecsys,0.0,0.0,1.0
energyhub,0.0,0.0,1.0
enervault,0.0,0.0,1.0
enevo,0.0,0.0,1.0
enforta,0.0,0.0,1.0
engineyard,0.0,0.0,1.0
englishcentral,0.0,0.0,1.0
engrade,0.0,0.0,1.0
enterprisedb,0.0,1.0,0.0
enverv,0.0,0.0,1.0
envista,0.0,1.0,0.0
eosenergystorage,0.0,0.0,1.0
epacube,0.0,0.0,1.0
epicsciences,0.0,0.0,1.0
equitylock,0.0,0.0,1.0
esentire,0.0,0.0,1.0
eshares,0.0,0.0,1.0
esosolutions,0.0,0.0,1.0
estech,0.0,0.0,1.0
etouches,0.0,0.0,1.0
etsy,0.0,0.0,1.0
euclid,0.0,0.0,1.0
evariant,0.0,0.0,1.0
evertrue,0.0,0.0,1.0
everyscape,0.0,0.0,1.0
everythingme,0.0,0.0,1.0
evolvondemand,0.0,0.0,1.0
exelate,0.0,0.0,1.0
exit41,0.0,0.0,1.0
experienceproject,0.0,0.0,1.0
explorys,0.0,0.0,1.0
eyeem,0.0,0.0,1.0
eyefi,0.0,0.0,1.0
eyeka,0.0,0.0,1.0
ezcater,0.0,0.0,1.0
familylink,0.0,0.0,1.0
fancy,1.0,0.0,0.0
fanduel,0.0,0.0,1.0
fanzter,0.0,0.0,1.0
farmlink,0.0,0.0,1.0
fasttac,0.0,0.0,1.0
fatetherapeutics,0.0,0.0,1.0
feex,0.0,0.0,1.0
fiksu,0.0,0.0,1.0
finestrella,0.0,0.0,1.0
fireblade,0.0,0.0,1.0
firehost,0.0,0.0,1.0
firespotterlabs,0.0,0.0,1.0
firm58,0.0,0.0,1.0
firstinsight,0.0,0.0,1.0
fiscalnote,0.0,0.0,1.0
fitbit,0.0,0.0,1.0
five9,0.0,0.0,1.0
fivestars,0.0,0.0,1.0
fix8,0.0,0.0,1.0
fixmo,0.0,0.0,1.0
fixya,0.0,0.0,1.0
flashnotes,0.0,0.0,1.0
flatworldknowledge,0.0,0.0,1.0
fleetmatics,0.0,0.0,1.0
flightcar,0.0,0.0,1.0
flipswap,0.0,0.0,1.0
flite,0.0,0.0,1.0
flixster,0.0,0.0,1.0
flock,0.0,0.0,1.0
flodesignwindturbine,0.0,0.0,1.0
fluidnet,0.0,1.0,0.0
flurry,0.0,0.0,1.0
flypaper,0.0,0.0,1.0
focus,0.0,0.0,1.0
foliodynamix,0.0,1.0,0.0
fonemine,0.0,0.0,1.0
foodpanda,0.0,0.0,1.0
forgerock,0.0,0.0,1.0
forushealth,0.0,0.0,1.0
freemonee,0.0,0.0,1.0
freewheel,0.0,0.0,1.0
friendster,0.0,0.0,1.0
fuhu,0.0,0.0,1.0
fullcontact,0.0,0.0,1.0
fundera,0.0,0.0,1.0
funnyordie,0.0,0.0,1.0
funplus,0.0,0.0,1.0
futureadvisor,0.0,0.0,1.0
fynanz,0.0,0.0,1.0
gaikai,0.0,0.0,1.0
gainsight,0.0,0.0,1.0
gainspan,0.0,0.0,1.0
gainspeed,0.0,0.0,1.0
gamefacemedia,0.0,1.0,0.0
gameground,0.0,0.0,1.0
gamervision,0.0,0.0,1.0
games2win,0.0,0.0,1.0
gameskinny,0.0,0.0,1.0
garlik,1.0,0.0,0.0
gather,0.0,0.0,1.0
gemvara,0.0,0.0,1.0
genapsys,0.0,0.0,1.0
generalassembly,0.0,0.0,1.0
genesismedia,1.0,0.0,0.0
geneweave,0.0,1.0,0.0
geni,0.0,0.0,1.0
genologics,0.0,0.0,1.0
geovax,0.0,0.0,1.0
getaround,0.0,0.0,1.0
getglue,0.0,0.0,1.0
getjar,0.0,0.0,1.0
getonerewards,0.0,0.0,1.0
getsatisfaction,0.0,0.0,1.0
giftango,0.0,0.0,1.0
gigaom,0.0,1.0,0.0
gigwalk,0.0,0.0,1.0
gild,0.0,0.0,1.0
ginkgobioworks,0.0,0.0,1.0
glacierbay,0.0,0.0,1.0
glassdoor,0.0,0.0,1.0
glassesdirect,0.0,0.0,1.0
glaxstar,0.0,0.0,1.0
gliknik,0.0,1.0,0.0
globalfitnessmedia,0.0,0.0,1.0
globalgrind,0.0,0.0,1.0
globant,0.0,0.0,1.0
glycomimetics,0.0,0.0,1.0
glyde,0.0,0.0,1.0
glympse,0.0,0.0,1.0
gnshealthcare,0.0,0.0,1.0
gogobot,0.0,0.0,1.0
goldspotmedia,0.0,0.0,1.0
goodeggs,0.0,0.0,1.0
goodguide,0.0,0.0,1.0
goodstartgenetics,0.0,0.0,1.0
gradalis,0.0,0.0,1.0
greatbasin,0.0,0.0,1.0
greenext,0.0,1.0,0.0
greenlightplanet,0.0,0.0,1.0
greenling,0.0,0.0,1.0
greenmountaindigital,0.0,0.0,1.0
greenphire,0.0,0.0,1.0
greensql,0.0,0.0,1.0
greentechmedia,0.0,1.0,0.0
greenvolts,0.0,0.0,1.0
greenwizard,0.0,0.0,1.0
gridstore,0.0,0.0,1.0
grockit,0.0,0.0,1.0
groundworkopensource,0.0,0.0,1.0
groupcommerce,0.0,0.0,1.0
grovo,0.0,0.0,1.0
grubhub,0.0,0.0,1.0
guardanthealth,0.0,0.0,1.0
guardiananalytics,0.0,0.0,1.0
guidespark,0.0,0.0,1.0
gumgum,0.0,0.0,1.0
gutcheck,0.0,0.0,1.0
hailo,0.0,0.0,1.0
harqen,0.0,0.0,1.0
healthclubtv,0.0,0.0,1.0
healthguru,0.0,0.0,1.0
healthination,0.0,0.0,1.0
healthrageous,0.0,0.0,1.0
healthtap,0.0,0.0,1.0
healthwarrior,0.0,0.0,1.0
hearsaysocial,0.0,0.0,1.0
hedvig,0.0,0.0,1.0
heliatek,0.0,0.0,1.0
hellofresh,1.0,0.0,0.0
hellowallet,0.0,0.0,1.0
hemoshear,0.0,0.0,1.0
heyzap,0.0,1.0,0.0
highgearmedia,0.0,0.0,1.0
highstreetpartners,0.0,0.0,1.0
hightail,0.0,0.0,1.0
hightower,0.0,0.0,1.0
hiplogiq,0.0,0.0,1.0
hipmunk,0.0,0.0,1.0
hirevue,0.0,0.0,1.0
histogenics,0.0,0.0,1.0
histosonics,0.0,0.0,1.0
homejoy,0.0,0.0,1.0
honeybook,0.0,0.0,1.0
hooklogic,0.0,0.0,1.0
hopper,0.0,0.0,1.0
hotelicopter,0.0,0.0,1.0
hourlynerd,0.0,0.0,1.0
houseparty,0.0,0.0,1.0
housetrip,1.0,0.0,0.0
hubpages,0.0,0.0,1.0
huddle,0.0,0.0,1.0
huddler,0.0,0.0,1.0
hupu,0.0,0.0,1.0
hyperic,0.0,0.0,1.0
hytrust,0.0,0.0,1.0
iamcompany,0.0,0.0,1.0
ibotta,0.0,0.0,1.0
icebreaker,0.0,0.0,1.0
icetana,0.0,0.0,1.0
icopyright,0.0,0.0,1.0
icreatesoftware,0.0,0.0,1.0
id90t,0.0,0.0,1.0
ideapaint,0.0,0.0,1.0
identified,0.0,0.0,1.0
idleair,0.0,0.0,1.0
ifbyphone,0.0,0.0,1.0
ifttt,0.0,0.0,1.0
igloosoftware,0.0,1.0,0.0
ignyta,0.0,0.0,1.0
ilike,0.0,0.0,1.0
illumio,0.0,0.0,1.0
illumitex,0.0,0.0,1.0
imemories,0.0,0.0,1.0
imoney,0.0,0.0,1.0
imoneygroup,0.0,1.0,0.0
imperva,0.0,0.0,1.0
imvu,0.0,0.0,1.0
inadco,0.0,0.0,1.0
indiegogo,0.0,0.0,1.0
infinitepowersolutions,0.0,0.0,1.0
infobright,0.0,0.0,1.0
infolinks,0.0,0.0,1.0
infonow,0.0,0.0,1.0
infoscout,0.0,0.0,1.0
inmagic,0.0,0.0,1.0
inneractive,0.0,0.0,1.0
innography,0.0,0.0,1.0
innovid,0.0,0.0,1.0
innroad,0.0,0.0,1.0
insightec,0.0,0.0,1.0
insightsquared,0.0,0.0,1.0
inspirato,0.0,0.0,1.0
instantly,0.0,0.0,1.0
instartlogic,0.0,0.0,1.0
instructure,0.0,0.0,1.0
intalio,0.0,0.0,1.0
integrate,0.0,0.0,1.0
intelliworks,0.0,0.0,1.0
intentmedia,0.0,0.0,1.0
interana,0.0,0.0,1.0
intercom,0.0,0.0,1.0
intermolecular,1.0,0.0,0.0
intradigm,0.0,0.0,1.0
inventables,0.0,0.0,1.0
invincea,0.0,0.0,1.0
invision,0.0,0.0,1.0
invisioncom,0.0,0.0,1.0
invoca,0.0,0.0,1.0
invodo,0.0,0.0,1.0
involver,0.0,0.0,1.0
invuity,0.0,0.0,1.0
ionicsecurity,0.0,0.0,1.0
iorahealth,0.0,0.0,1.0
ipierian,0.0,0.0,1.0
irise,0.0,0.0,1.0
ironkey,0.0,0.0,1.0
iskoot,0.0,0.0,1.0
ispecimen,0.0,0.0,1.0
iwalk,0.0,0.0,1.0
ixigocom,0.0,0.0,1.0
izettle,0.0,0.0,1.0
jackbe,0.0,0.0,1.0
jamasoftware,0.0,0.0,1.0
jambool,0.0,0.0,1.0
jana,0.0,0.0,1.0
jaunt,0.0,0.0,1.0
jaxtr,0.0,0.0,1.0
jelastic,0.0,0.0,1.0
jibjab,0.0,0.0,1.0
jiff,0.0,0.0,1.0
jivesoftware,0.0,0.0,1.0
jivox,0.0,0.0,1.0
jiwire,0.0,0.0,1.0
jobaline,0.0,0.0,1.0
jobfox,0.0,0.0,1.0
jobster,0.0,0.0,1.0
joor,0.0,0.0,1.0
joyus,0.0,0.0,1.0
jumio,0.0,0.0,1.0
jumprampgames,0.0,0.0,1.0
justworks,0.0,0.0,1.0
kaazing,0.0,0.0,1.0
kaiam,0.0,1.0,0.0
kamcord,0.0,0.0,1.0
kaminario,0.0,0.0,1.0
kantox,1.0,0.0,0.0
kapitall,0.0,0.0,1.0
kapost,0.0,0.0,1.0
kareo,0.0,0.0,1.0
karmasphere,0.0,1.0,0.0
keaholesolarpower,0.0,0.0,1.0
kellbenx,0.0,0.0,1.0
kenandy,0.0,0.0,1.0
kewego,0.0,0.0,1.0
kickapps,0.0,0.0,1.0
kickfire,0.0,0.0,1.0
kidaptive,0.0,0.0,1.0
kidzui,1.0,0.0,0.0
kiip,0.0,0.0,1.0
kimbia,0.0,0.0,1.0
kindling,0.0,0.0,1.0
kinnek,0.0,0.0,1.0
kinvey,0.0,0.0,1.0
kissmetrics,0.0,0.0,1.0
kitcheck,0.0,0.0,1.0
kixeye,1.0,0.0,0.0
klout,0.0,0.0,1.0
knoasoftware,0.0,0.0,1.0
knowledgetree,0.0,0.0,1.0
kobalt,0.0,1.0,0.0
koding,0.0,0.0,1.0
kontagent,0.0,0.0,1.0
kontera,0.0,0.0,1.0
kontiki,0.0,0.0,1.0
kosmix,0.0,0.0,1.0
kouponmedia,0.0,0.0,1.0
krossover,0.0,0.0,1.0
kruxdigital,0.0,0.0,1.0
kupongid,0.0,1.0,0.0
kyruus,0.0,0.0,1.0
lagotek,0.0,0.0,1.0
lagou,0.0,0.0,1.0
lastline,0.0,0.0,1.0
latticeengines,0.0,0.0,1.0
lavante,0.0,0.0,1.0
leaf,0.0,0.0,1.0
leapmotion,0.0,0.0,1.0
leapset,0.0,0.0,1.0
learnvest,0.0,0.0,1.0
legend3d,0.0,0.0,1.0
leisurelink,0.0,0.0,1.0
lemko,0.0,0.0,1.0
lendio,0.0,0.0,1.0
lengow,0.0,0.0,1.0
lesconcierges,0.0,0.0,1.0
levelup,0.0,0.0,1.0
librato,0.0,0.0,1.0
libredigital,0.0,0.0,1.0
life360,0.0,0.0,1.0
lifebond,0.0,0.0,1.0
light,1.0,0.0,0.0
lightspeedretail,0.0,0.0,1.0
limeade,1.0,0.0,0.0
limeroad,0.0,0.0,1.0
link_a_media,0.0,0.0,1.0
liquidhub,0.0,0.0,1.0
liquidplanner,0.0,0.0,1.0
littlebits,0.0,0.0,1.0
littleblackbag,0.0,0.0,1.0
littlepim,0.0,0.0,1.0
livegamer,0.0,0.0,1.0
liveintent,0.0,0.0,1.0
livemocha,0.0,0.0,1.0
liverail,0.0,0.0,1.0
liveu,0.0,0.0,1.0
livingproof,0.0,0.0,1.0
loaddynamix,0.0,0.0,1.0
localytics,0.0,0.0,1.0
lockerz,0.0,0.0,1.0
lockpath,0.0,0.0,1.0
loggly,0.0,0.0,1.0
logmein,0.0,0.0,1.0
logrhythm,0.0,0.0,1.0
loopcommerce,0.0,0.0,1.0
loopt,0.0,0.0,1.0
lot18,0.0,0.0,1.0
lotame,0.0,0.0,1.0
lucid,0.0,0.0,1.0
luciddesigngroup,0.0,0.0,1.0
lucidmedia,0.0,0.0,1.0
lucidworks,0.0,0.0,1.0
luminal,0.0,0.0,1.0
luminate,0.0,0.0,1.0
lumoslabs,0.0,0.0,1.0
lyst,0.0,0.0,1.0
lytro,0.0,0.0,1.0
m6d,0.0,0.0,1.0
macheen,0.0,0.0,1.0
machinezone,1.0,0.0,0.0
madvertise,0.0,0.0,1.0
magisto,0.0,0.0,1.0
magmaglobal,0.0,0.0,1.0
magnetic,0.0,0.0,1.0
mahalo,0.0,0.0,1.0
maimaicha,0.0,0.0,1.0
maniatv,0.0,0.0,1.0
mantara,0.0,0.0,1.0
marklogic,0.0,0.0,1.0
martinimedianetwork,0.0,0.0,1.0
mashable,0.0,0.0,1.0
mashery,0.0,0.0,1.0
massdrop,0.0,0.0,1.0
masteryconnect,0.0,0.0,1.0
mavenlink,0.0,0.0,1.0
maxpointinteractive,0.0,1.0,0.0
maxta,0.0,0.0,1.0
maxwellhealth,0.0,0.0,1.0
maxymiser,0.0,0.0,1.0
mdit,0.0,0.0,1.0
mediabank,0.0,0.0,1.0
mediabrix,0.0,0.0,1.0
medialets,0.0,0.0,1.0
mediaplatform,0.0,0.0,1.0
mediastay,0.0,0.0,1.0
meebo,0.0,0.0,1.0
meetmoi,0.0,0.0,1.0
meetup,0.0,0.0,1.0
meevee,0.0,0.0,1.0
melodis,0.0,0.0,1.0
memento,0.0,0.0,1.0
memeo,1.0,0.0,0.0
memsql,0.0,0.0,1.0
mendix,0.0,0.0,1.0
mercatormedsystems,0.0,0.0,1.0
mercent,0.0,0.0,1.0
merchantcircle,0.0,0.0,1.0
messagesystems,0.0,0.0,1.0
metaboli,0.0,0.0,1.0
metabolon,0.0,0.0,1.0
metamarkets,0.0,0.0,1.0
mevio,0.0,0.0,1.0
microntechnology,0.0,1.0,0.0
mig33,0.0,0.0,1.0
milyoni,0.0,0.0,1.0
mimecast,0.0,0.0,1.0
mindmixer,0.0,0.0,1.0
minervaproject,0.0,0.0,1.0
mintigo,0.0,0.0,1.0
minutekey,0.0,0.0,1.0
miox,0.0,0.0,1.0
miramarlabs,0.0,0.0,1.0
misfit,0.0,1.0,0.0
miso,0.0,0.0,1.0
missionmotors,0.0,0.0,1.0
mithridion,0.0,0.0,1.0
mixamo,0.0,0.0,1.0
mixbook,0.0,0.0,1.0
mixercast,0.0,0.0,1.0
mixpanel,0.0,0.0,1.0
mixpo,0.0,0.0,1.0
miyowa,0.0,0.0,1.0
moat,0.0,0.0,1.0
mobango,0.0,0.0,1.0
mobileposse,0.0,0.0,1.0
mobilespaces,0.0,0.0,1.0
moblyng,0.0,0.0,1.0
mobstac,0.0,0.0,1.0
mochimedia,0.0,1.0,0.0
modaoperandi,0.0,0.0,1.0
modcloth,0.0,0.0,1.0
modu,0.0,0.0,1.0
mogl,0.0,1.0,0.0
mojiva,0.0,0.0,1.0
mokafive,0.0,0.0,1.0
molecularmd,0.0,0.0,1.0
mongolab,0.0,0.0,1.0
montagetalent,0.0,0.0,1.0
moogsoft,0.0,0.0,1.0
morphlabs,0.0,0.0,1.0
mosaic,1.0,0.0,0.0
motionbox,0.0,0.0,1.0
motionsoft,0.0,0.0,1.0
movableink,0.0,0.0,1.0
moz,0.0,0.0,1.0
mozes,0.0,0.0,1.0
mubi,0.0,0.0,1.0
multigig,0.0,0.0,1.0
mvia,0.0,0.0,1.0
mxp4,0.0,0.0,1.0
mybuys,0.0,0.0,1.0
mycheck,0.0,0.0,1.0
mydamnchannel,0.0,0.0,1.0
mydocket,0.0,0.0,1.0
myedu,0.0,0.0,1.0
myhealthdirect,0.0,0.0,1.0
myheritage,0.0,0.0,1.0
myhomemove,0.0,0.0,1.0
myoscience,0.0,1.0,0.0
mythings,0.0,0.0,1.0
nabsys,0.0,0.0,1.0
namely,1.0,0.0,0.0
namshi,0.0,0.0,1.0
nanigans,0.0,0.0,1.0
nanobio,0.0,0.0,1.0
nanomech,0.0,0.0,1.0
nanomr,0.0,1.0,0.0
nantero,0.0,0.0,1.0
narrativescience,0.0,0.0,1.0
nastygal,1.0,0.0,0.0
nasuni,0.0,0.0,1.0
natera,0.0,0.0,1.0
nationbuilder,0.0,0.0,1.0
naturebox,0.0,0.0,1.0
naurex,0.0,1.0,0.0
navigenics,0.0,0.0,1.0
nearbynow,0.0,1.0,0.0
neatorobotics,0.0,0.0,1.0
nebula,0.0,0.0,1.0
needle,1.0,0.0,0.0
neohapsis,0.0,0.0,1.0
neotechnology,0.0,0.0,1.0
netbooks,0.0,0.0,1.0
netpulse,0.0,0.0,1.0
netsertive,0.0,0.0,1.0
netsocket,0.0,0.0,1.0
netstreams,0.0,0.0,1.0
neuroptix,0.0,1.0,0.0
neuwavemedical,0.0,0.0,1.0
newcomlink,1.0,0.0,0.0
newforma,0.0,0.0,1.0
newlans,0.0,0.0,1.0
newscred,0.0,0.0,1.0
newshunt,0.0,0.0,1.0
nexage,0.0,0.0,1.0
nexplanar,0.0,0.0,1.0
nextbio,0.0,0.0,1.0
nextdocs,0.0,0.0,1.0
nextgxdx,0.0,0.0,1.0
nextio,0.0,1.0,0.0
nextnewnetworks,0.0,0.0,1.0
nextstepliving,0.0,0.0,1.0
nimblestorage,0.0,0.0,1.0
nimbula,0.0,0.0,1.0
nimbuzz,0.0,0.0,1.0
nimsoft,0.0,0.0,1.0
ninepointmedical,0.0,0.0,1.0
noesisenergy,0.0,0.0,1.0
noknoklabs,0.0,0.0,1.0
nomadesk,0.0,0.0,1.0
nonprofiteasy,0.0,0.0,1.0
nor1,0.0,0.0,1.0
normoxys,0.0,0.0,1.0
notonthehighstreet,0.0,0.0,1.0
novinda,0.0,0.0,1.0
novomer,0.0,0.0,1.0
nowait,0.0,0.0,1.0
numerate,1.0,0.0,0.0
numerify,0.0,0.0,1.0
nuodb,0.0,0.0,1.0
nxthera,0.0,0.0,1.0
objectlabs,0.0,0.0,1.0
occipital,0.0,0.0,1.0
odesk,0.0,0.0,1.0
offerwire,0.0,0.0,1.0
ohmyglasses,0.0,0.0,1.0
olacabs,0.0,0.0,1.0
oligomerix,0.0,0.0,1.0
olx,0.0,0.0,1.0
omekinteractive,0.0,0.0,1.0
onavo,0.0,0.0,1.0
onefinestay,0.0,0.0,1.0
oneriot,0.0,0.0,1.0
onnetworks,0.0,0.0,1.0
onqity,0.0,1.0,0.0
onshape,0.0,0.0,1.0
onshift,0.0,0.0,1.0
oodle,0.0,0.0,1.0
ookbee,0.0,0.0,1.0
openbravo,0.0,0.0,1.0
opendoor,0.0,0.0,1.0
opengamma,0.0,0.0,1.0
opengov,0.0,0.0,1.0
openmile,0.0,0.0,1.0
openq,0.0,0.0,1.0
openroadintegratedmedia,0.0,0.0,1.0
opensky,0.0,0.0,1.0
openx,0.0,0.0,1.0
openxchange,0.0,0.0,1.0
opgen,0.0,0.0,1.0
opposingviews,0.0,0.0,1.0
optier,0.0,0.0,1.0
optify,0.0,0.0,1.0
optimal,0.0,0.0,1.0
optimizely,0.0,0.0,1.0
optoro,0.0,0.0,1.0
orbotix,0.0,0.0,1.0
origami,0.0,0.0,1.0
orthalign,0.0,0.0,1.0
ortivawireless,0.0,0.0,1.0
ostrovok,0.0,0.0,1.0
ourstage,0.0,0.0,1.0
outbrain,0.0,0.0,1.0
outspark,0.0,0.0,1.0
ouya,0.0,0.0,1.0
ovascience,0.0,0.0,1.0
oversi,0.0,0.0,1.0
overtone,0.0,0.0,1.0
overturenetworks,0.0,0.0,1.0
ovguide,0.0,1.0,0.0
oxagen,0.0,0.0,1.0
packlink,0.0,0.0,1.0
paddle8,0.0,0.0,1.0
pagerduty,0.0,0.0,1.0
panaya,0.0,0.0,1.0
panologic,0.0,0.0,1.0
pantheon,0.0,0.0,1.0
panzura,0.0,0.0,1.0
papayamobile,0.0,0.0,1.0
paperlesspost,0.0,0.0,1.0
paraccel,0.0,0.0,1.0
parature,0.0,0.0,1.0
parkwhiz,0.0,0.0,1.0
parstream,0.0,0.0,1.0
path,0.0,0.0,1.0
paydiant,0.0,0.0,1.0
payfone,0.0,0.0,1.0
paymetric,0.0,0.0,1.0
paynearme,0.0,0.0,1.0
payoneer,0.0,0.0,1.0
payvment,0.0,0.0,1.0
peakgames,0.0,0.0,1.0
peel,0.0,0.0,1.0
peer39,0.0,0.0,1.0
pelago,0.0,0.0,1.0
peloton,0.0,0.0,1.0
penguincomputing,0.0,0.0,1.0
pentaho,0.0,0.0,1.0
pepperdata,0.0,0.0,1.0
perceptis,0.0,0.0,1.0
percolate,0.0,0.0,1.0
perfectmarket,0.0,0.0,1.0
perfectomobile,0.0,0.0,1.0
perfectserve,0.0,1.0,0.0
permissiontv,0.0,0.0,1.0
pernixdata,0.0,0.0,1.0
petflow,0.0,0.0,1.0
petrasolar,0.0,0.0,1.0
pexcard,0.0,0.0,1.0
philo,0.0,0.0,1.0
philzcoffee,0.0,0.0,1.0
phishme,0.0,0.0,1.0
phononicdevices,0.0,0.0,1.0
phunware,0.0,0.0,1.0
phyzios,0.0,0.0,1.0
piazza,0.0,0.0,1.0
piczo,0.0,0.0,1.0
pindropsecurity,0.0,0.0,1.0
pingmd,0.0,0.0,1.0
pixable,0.0,0.0,1.0
placed,0.0,0.0,1.0
placeiq,0.0,0.0,1.0
plainvanillagames,0.0,0.0,1.0
planetsoho,0.0,0.0,1.0
plasticjungle,0.0,0.0,1.0
plastiq,0.0,0.0,1.0
plastyc,0.0,0.0,1.0
platfora,0.0,0.0,1.0
playerx,0.0,0.0,1.0
playfirst,0.0,0.0,1.0
plexxi,0.0,0.0,1.0
pley,0.0,1.0,0.0
plumchoice,0.0,0.0,1.0
plumgrid,0.0,0.0,1.0
plumtv,0.0,0.0,1.0
pneuron,0.0,0.0,1.0
pocket,0.0,0.0,1.0
pokitdok,0.0,0.0,1.0
polyera,0.0,0.0,1.0
polytherics,0.0,0.0,1.0
polyvore,0.0,0.0,1.0
popsugar,0.0,0.0,1.0
popularmedia,0.0,0.0,1.0
poshmark,0.0,0.0,1.0
positscience,0.0,0.0,1.0
posterous,0.0,0.0,1.0
power2sme,0.0,0.0,1.0
powerhousedynamics,0.0,0.0,1.0
powerreviews,0.0,0.0,1.0
poxel,0.0,1.0,0.0
precisionhawk,0.0,0.0,1.0
precyse,0.0,1.0,0.0
predilytics,0.0,0.0,1.0
predixionsoftware,0.0,1.0,0.0
premise,0.0,0.0,1.0
pressplane,0.0,0.0,1.0
prestashop,0.0,0.0,1.0
prezi,0.0,0.0,1.0
pricelock,0.0,0.0,1.0
prismskylabs,0.0,0.0,1.0
profitably,0.0,0.0,1.0
projectfrog,0.0,0.0,1.0
projectplaylist,0.0,0.0,1.0
promosome,0.0,1.0,0.0
pronutria,0.0,0.0,1.0
propelfuels,0.0,0.0,1.0
prospx,0.0,0.0,1.0
protonmedia,0.0,0.0,1.0
providertrust,0.0,0.0,1.0
proximaldata,0.0,0.0,1.0
psikick,0.0,0.0,1.0
pubmatic,0.0,0.0,1.0
pubnub,0.0,0.0,1.0
puddingmedia,0.0,0.0,1.0
punchtab,0.0,0.0,1.0
puppetlabs,0.0,0.0,1.0
purecars,0.0,0.0,1.0
purfresh,0.0,0.0,1.0
putney,0.0,0.0,1.0
q2ebanking,0.0,0.0,1.0
qdvision,0.0,0.0,1.0
qlusters,0.0,0.0,1.0
qosmos,0.0,0.0,1.0
qpidhealth,0.0,0.0,1.0
qteros,0.0,0.0,1.0
quadlearning,0.0,0.0,1.0
qualtre,0.0,1.0,0.0
qualvu,0.0,0.0,1.0
quantalife,0.0,0.0,1.0
quantance,0.0,0.0,1.0
quantcast,0.0,0.0,1.0
quanterix,0.0,0.0,1.0
quantiamd,0.0,0.0,1.0
quantopian,0.0,0.0,1.0
quickoffice,0.0,0.0,1.0
quofore,0.0,0.0,1.0
qwilt,0.0,0.0,1.0
racktivity,0.0,0.0,1.0
radialpoint,0.0,0.0,1.0
radiumone,0.0,0.0,1.0
raise,0.0,0.0,1.0
rapid7,0.0,0.0,1.0
rapport,0.0,0.0,1.0
raptr,1.0,0.0,0.0
reachable,0.0,0.0,1.0
realintent,0.0,0.0,1.0
realmatch,0.0,0.0,1.0
rebit,1.0,0.0,0.0
recommind,0.0,0.0,1.0
recyclebank,0.0,0.0,1.0
red5studios,0.0,0.0,1.0
redbrickhealth,0.0,0.0,1.0
redfin,0.0,0.0,1.0
redmart,0.0,0.0,1.0
redux,0.0,0.0,1.0
redwoodsystems,0.0,0.0,1.0
refinery29,0.0,0.0,1.0
reflektion,0.0,0.0,1.0
reflexsystems,0.0,0.0,1.0
reldata,0.0,0.0,1.0
remind,0.0,0.0,1.0
remotv,0.0,0.0,1.0
renkoo,0.0,0.0,1.0
renmatix,0.0,0.0,1.0
renttherunway,0.0,0.0,1.0
reonomy,0.0,0.0,1.0
researchgate,0.0,0.0,1.0
respiratorymotion,0.0,0.0,1.0
restorando,0.0,0.0,1.0
retailigence,0.0,0.0,1.0
retrevo,0.0,0.0,1.0
retrofit,0.0,0.0,1.0
reveal,0.0,0.0,1.0
reverbnation,0.0,0.0,1.0
revision3,0.0,1.0,0.0
revolttechnology,0.0,0.0,1.0
rheonix,0.0,0.0,1.0
rhythmnewmedia,0.0,0.0,1.0
richrelevance,0.0,0.0,1.0
ridecharge,0.0,0.0,1.0
ridemakerz,0.0,0.0,1.0
rightcaresolutions,0.0,0.0,1.0
rightscale,0.0,0.0,1.0
ringcentral,0.0,0.0,1.0
ringrevenue,0.0,0.0,1.0
riotgames,0.0,0.0,1.0
ripcode,0.0,0.0,1.0
rippletv,0.0,0.0,1.0
riskiq,0.0,0.0,1.0
robinhood,0.0,0.0,1.0
roblox,0.0,0.0,1.0
rockmelt,1.0,0.0,0.0
room77,0.0,0.0,1.0
rootstocksoftware,0.0,1.0,0.0
rotohog,1.0,0.0,0.0
roundbox,0.0,0.0,1.0
routehappy,0.0,0.0,1.0
rouxbe,0.0,0.0,1.0
rubyribbon,0.0,0.0,1.0
ruiyi,0.0,0.0,1.0
sagecloud,0.0,0.0,1.0
sailthru,0.0,0.0,1.0
sakti3,0.0,0.0,1.0
salsify,0.0,0.0,1.0
sample6,0.0,0.0,1.0
samsoft,0.0,0.0,1.0
saucelabs,0.0,0.0,1.0
savingstar,0.0,0.0,1.0
scalebase,0.0,0.0,1.0
scalecomputing,0.0,0.0,1.0
scalextreme,0.0,1.0,0.0
scality,0.0,0.0,1.0
scancafe,0.0,0.0,1.0
scanr,0.0,0.0,1.0
scarosso,0.0,0.0,1.0
schoology,0.0,0.0,1.0
sciencelogic,0.0,0.0,1.0
scienergy,0.0,0.0,1.0
scientificconservation,0.0,0.0,1.0
scoreloop,0.0,0.0,1.0
scoutmob,0.0,0.0,1.0
scribblelive,0.0,1.0,0.0
scribd,0.0,0.0,1.0
scripted,0.0,0.0,1.0
scrollmotion,0.0,0.0,1.0
seatwave,0.0,0.0,1.0
secondmarket,0.0,0.0,1.0
secret,0.0,0.0,1.0
secureauth,0.0,0.0,1.0
seechangehealth,0.0,0.0,1.0
seekingalpha,0.0,1.0,0.0
segment,0.0,0.0,1.0
selectablemedia,0.0,0.0,1.0
sencha,0.0,0.0,1.0
sendhub,0.0,0.0,1.0
sendio,0.0,0.0,1.0
sendme,0.0,0.0,1.0
senseg,0.0,0.0,1.0
sensenetworks,0.0,0.0,1.0
sentilla,0.0,0.0,1.0
sentrigo,0.0,1.0,0.0
sequella,1.0,0.0,0.0
sequenta,0.0,1.0,0.0
sereshealth,0.0,0.0,1.0
sermo,0.0,0.0,1.0
servergy,0.0,0.0,1.0
sgbiofuels,0.0,0.0,1.0
shapeup,0.0,0.0,1.0
sharethis,0.0,0.0,1.0
sharethrough,0.0,0.0,1.0
shocase,0.0,0.0,1.0
shoedazzle,0.0,0.0,1.0
shoesofprey,0.0,0.0,1.0
shopigniter,0.0,0.0,1.0
shoutlet,0.0,0.0,1.0
showpad,0.0,0.0,1.0
sialix,1.0,0.0,0.0
sifteo,0.0,0.0,1.0
siftscience,0.0,0.0,1.0
signostics,0.0,0.0,1.0
silvertailsystems,0.0,0.0,1.0
simplee,1.0,0.0,0.0
simpleenergy,1.0,0.0,0.0
simpletuition,0.0,0.0,1.0
simplilearn,0.0,0.0,1.0
simplycast,0.0,0.0,1.0
simplyhired,0.0,0.0,1.0
simplymeasured,0.0,0.0,1.0
sionyx,0.0,0.0,1.0
sipx,0.0,0.0,1.0
siri,0.0,0.0,1.0
sittercity,0.0,0.0,1.0
skillz,0.0,0.0,1.0
skimlinks,0.0,0.0,1.0
skyboximaging,0.0,0.0,1.0
skyera,0.0,0.0,1.0
skygrid,0.0,0.0,1.0
skyhighnetworks,0.0,0.0,1.0
skyhook,0.0,0.0,1.0
skyrider,0.0,0.0,1.0
skyroam,0.0,0.0,1.0
slack,1.0,0.0,0.0
slicex,0.0,0.0,1.0
slyce,0.0,0.0,1.0
smaato,0.0,0.0,1.0
smartling,0.0,0.0,1.0
smartlunches,0.0,0.0,1.0
smartrecruiters,0.0,0.0,1.0
smartsheet,0.0,0.0,1.0
smartzip,0.0,0.0,1.0
smithelectricvehicles,0.0,0.0,1.0
smule,0.0,0.0,1.0
snapeee,0.0,0.0,1.0
snapvine,1.0,0.0,0.0
socialcast,0.0,0.0,1.0
socialflow,0.0,0.0,1.0
socialpoint,0.0,0.0,1.0
socialtext,0.0,0.0,1.0
socialware,0.0,0.0,1.0
socrata,0.0,0.0,1.0
sodahead,0.0,0.0,1.0
solaislighting,0.0,0.0,1.0
solaredge,0.0,0.0,1.0
solarjunction,0.0,0.0,1.0
solaruniverse,0.0,0.0,1.0
solidfire,0.0,0.0,1.0
solrepublic,0.0,0.0,1.0
solum,0.0,0.0,1.0
soluto,0.0,0.0,1.0
sonatype,0.0,0.0,1.0
sonian,0.0,0.0,1.0
soonr,0.0,0.0,1.0
sophono,0.0,0.0,1.0
sosh,0.0,0.0,1.0
spaceclaim,0.0,0.0,1.0
spacecurve,0.0,0.0,1.0
spanning,0.0,0.0,1.0
sparkcentral,0.0,0.0,1.0
speeddate,0.0,1.0,0.0
spigit,0.0,0.0,1.0
spineguard,0.0,1.0,0.0
spireglobal,0.0,0.0,1.0
splashtop,0.0,0.0,1.0
splunk,0.0,0.0,1.0
spongecell,0.0,0.0,1.0
spoqa,0.0,0.0,1.0
sportgenic,0.0,0.0,1.0
sportpursuit,0.0,0.0,1.0
spothero,0.0,0.0,1.0
spredfast,0.0,0.0,1.0
sprig,0.0,0.0,1.0
springwireless,0.0,0.0,1.0
sprinklr,0.0,0.0,1.0
sproutsocial,0.0,0.0,1.0
squarespace,0.0,0.0,1.0
stackdriver,0.0,0.0,1.0
startforce,0.0,0.0,1.0
startwire,0.0,0.0,1.0
starwindsoftware,0.0,0.0,1.0
steelhouse,0.0,0.0,1.0
stentys,0.0,0.0,1.0
stepout,0.0,0.0,1.0
stitchfix,0.0,0.0,1.0
stitchlabs,0.0,0.0,1.0
storediq,0.0,0.0,1.0
stormwindstudios,0.0,0.0,1.0
storsimple,0.0,1.0,0.0
strava,0.0,0.0,1.0
streetline,0.0,0.0,1.0
strikeiron,0.0,0.0,1.0
strongmail,0.0,0.0,1.0
stumbleupon,0.0,0.0,1.0
stylistpick,0.0,0.0,1.0
sulia,0.0,0.0,1.0
sumologic,0.0,0.0,1.0
suncatalytix,1.0,0.0,0.0
sundaysky,0.0,0.0,1.0
superfish,0.0,0.0,1.0
superpedestrian,0.0,0.0,1.0
superprotonic,0.0,0.0,1.0
supplyframe,0.0,0.0,1.0
surfair,0.0,0.0,1.0
surgiquest,0.0,0.0,1.0
swaptree,0.0,0.0,1.0
sweetlabs,0.0,0.0,1.0
swiftype,0.0,0.0,1.0
swipely,0.0,0.0,1.0
swoopo,0.0,0.0,1.0
swrve,0.0,0.0,1.0
syapse,0.0,0.0,1.0
symplified,0.0,0.0,1.0
sympoz,0.0,0.0,1.0
synack,0.0,0.0,1.0
syncbak,0.0,0.0,1.0
t2biosystems,0.0,0.0,1.0
tableausoftware,0.0,0.0,1.0
tablus,0.0,0.0,1.0
tactustechnology,0.0,0.0,1.0
takelessons,0.0,0.0,1.0
tangohealth,0.0,0.0,1.0
tantaline,0.0,0.0,1.0
tapinfluence,0.0,0.0,1.0
tapingo,0.0,0.0,1.0
tapjoy,0.0,0.0,1.0
targetspot,0.0,0.0,1.0
taskrabbit,0.0,0.0,1.0
tastemade,0.0,0.0,1.0
teachscape,0.0,0.0,1.0
techforward,0.0,0.0,1.0
teladoc,0.0,0.0,1.0
teleflip,0.0,0.0,1.0
tellapart,0.0,0.0,1.0
telltalegames,0.0,0.0,1.0
telovations,0.0,0.0,1.0
tempopayments,0.0,0.0,1.0
teneros,0.0,0.0,1.0
tenxer,0.0,0.0,1.0
teradici,0.0,0.0,1.0
terascala,0.0,0.0,1.0
terrafugia,0.0,0.0,1.0
tervela,0.0,0.0,1.0
textmaster,0.0,0.0,1.0
theamericanacademy,0.0,0.0,1.0
theclymb,0.0,0.0,1.0
thefilter,0.0,0.0,1.0
thekingofshavescompany,0.0,0.0,1.0
themadvideo,0.0,0.0,1.0
theravectys,0.0,1.0,0.0
thereceivablesexchange,0.0,0.0,1.0
theresumator,0.0,0.0,1.0
thermoenergy,0.0,0.0,1.0
thetaray,0.0,0.0,1.0
thingworx,0.0,0.0,1.0
thinkingphones,0.0,0.0,1.0
thinkvine,0.0,0.0,1.0
thismoment,0.0,0.0,1.0
thisnext,0.0,0.0,1.0
thoughtspot,0.0,0.0,1.0
threadsy,0.0,0.0,1.0
threatmetrix,0.0,1.0,0.0
thredup,0.0,0.0,1.0
ticketbis,0.0,0.0,1.0
ticketfly,0.0,0.0,1.0
tidemark,0.0,0.0,1.0
tier3,0.0,0.0,1.0
tigertext,0.0,1.0,0.0
tilt,0.0,0.0,1.0
timebridge,0.0,0.0,1.0
timehop,0.0,0.0,1.0
tinderbox,0.0,0.0,1.0
tinyco,0.0,0.0,1.0
tipsolutions,0.0,0.0,1.0
tobiitechnology,0.0,0.0,1.0
tokbox,0.0,0.0,1.0
tongal,0.0,0.0,1.0
top10,0.0,0.0,1.0
tophat,0.0,0.0,1.0
topschool,0.0,0.0,1.0
toptenreviews,0.0,0.0,1.0
totalimmersion,0.0,0.0,1.0
totango,0.0,0.0,1.0
touchofmodern,0.0,0.0,1.0
touchpal,0.0,0.0,1.0
touchtype,0.0,0.0,1.0
townhog,0.0,0.0,1.0
tra,0.0,0.0,1.0
tracevector,0.0,0.0,1.0
tracx,0.0,0.0,1.0
trada,0.0,0.0,1.0
tradesy,0.0,0.0,1.0
transferwise,0.0,0.0,1.0
transgenomic,0.0,0.0,1.0
transpera,0.0,0.0,1.0
travelmuse,0.0,0.0,1.0
travelshark,0.0,0.0,1.0
treasuredata,0.0,0.0,1.0
treato,0.0,0.0,1.0
treehouse,0.0,1.0,0.0
trendyol,0.0,0.0,1.0
trialpay,0.0,0.0,1.0
trialreach,0.0,0.0,1.0
tributes,0.0,0.0,1.0
tricipher,0.0,0.0,1.0
trifacta,0.0,0.0,1.0
triggit,0.0,0.0,1.0
trilibis,0.0,0.0,1.0
triplay,0.0,0.0,1.0
triplelift,0.0,0.0,1.0
trusper,0.0,0.0,1.0
truste,0.0,0.0,1.0
trusteer,0.0,0.0,1.0
truveris,0.0,0.0,1.0
truviso,0.0,0.0,1.0
tstmedia,0.0,0.0,1.0
tumri,0.0,0.0,1.0
tuneup,0.0,0.0,1.0
tunewiki,0.0,0.0,1.0
turnhere,0.0,0.0,1.0
tvtrip,0.0,0.0,1.0
tweetdeck,0.0,0.0,1.0
twice,0.0,0.0,1.0
twinstrata,0.0,0.0,1.0
twistbioscience,0.0,0.0,1.0
txteagle,0.0,0.0,1.0
txvia,0.0,0.0,1.0
tyfone,0.0,0.0,1.0
typesafe,0.0,0.0,1.0
ubermedia,0.0,0.0,1.0
ubidyne,0.0,0.0,1.0
ucirrus,0.0,0.0,1.0
ugobe,0.0,0.0,1.0
unboundid,0.0,0.0,1.0
unidesk,0.0,0.0,1.0
unigo,0.0,0.0,1.0
universitynow,0.0,0.0,1.0
unmetric,0.0,0.0,1.0
untangle,1.0,0.0,0.0
updatelogic,0.0,0.0,1.0
uplogix,0.0,0.0,1.0
upstart,0.0,0.0,1.0
upstartmobile,0.0,0.0,1.0
uptake,0.0,0.0,1.0
urbansitter,0.0,0.0,1.0
usertesting,0.0,0.0,1.0
utilidata,0.0,0.0,1.0
uucun,0.0,0.0,1.0
valencell,0.0,0.0,1.0
valentx,0.0,1.0,0.0
vandynesuperturbo,0.0,0.0,1.0
vapotherm,0.0,0.0,1.0
varentec,0.0,0.0,1.0
varmournetworks,0.0,0.0,1.0
vaxinnate,0.0,0.0,1.0
vdopia,0.0,0.0,1.0
velasystems,0.0,1.0,0.0
velomedix,0.0,0.0,1.0
vend,0.0,0.0,1.0
veracyte,0.0,0.0,1.0
verastem,0.0,1.0,0.0
verdasys,0.0,0.0,1.0
verdeeco,0.0,0.0,1.0
veriteq,0.0,0.0,1.0
verivosoftware,0.0,0.0,1.0
verivue,0.0,0.0,1.0
vertoanalytics,0.0,0.0,1.0
vervemobile,0.0,0.0,1.0
vestaron,0.0,1.0,0.0
vestiairecollective,0.0,0.0,1.0
vhx,0.0,0.0,1.0
viableware,0.0,0.0,1.0
viadeo,0.0,0.0,1.0
viagogo,0.0,0.0,1.0
viewdle,0.0,0.0,1.0
viewfinity,0.0,1.0,0.0
viki,0.0,0.0,1.0
vindicia,0.0,0.0,1.0
vinfolio,1.0,0.0,0.0
viridityenergy,0.0,0.0,1.0
virobay,0.0,0.0,1.0
virtualcomputer,0.0,0.0,1.0
virtualinstruments,0.0,0.0,1.0
virtuoz,0.0,0.0,1.0
visagemobile,0.0,0.0,1.0
visiblebrands,0.0,0.0,1.0
visier,0.0,0.0,1.0
visiquate,0.0,0.0,1.0
visualase,0.0,0.0,1.0
visualead,0.0,0.0,1.0
visualiq,0.0,0.0,1.0
vitaportal,0.0,1.0,0.0
vitrue,0.0,0.0,1.0
vivox,0.0,0.0,1.0
vmturbo,0.0,0.0,1.0
voalte,0.0,0.0,1.0
vobile,0.0,0.0,1.0
vocalocity,0.0,0.0,1.0
voltdb,0.0,0.0,1.0
vontoo,0.0,0.0,1.0
vostu,0.0,1.0,0.0
vovici,0.0,0.0,1.0
voxer,0.0,1.0,0.0
vringo,0.0,0.0,1.0
vts,0.0,0.0,1.0
vuclip,0.0,0.0,1.0
vungle,0.0,0.0,1.0
vwise,0.0,0.0,1.0
vyatta,0.0,0.0,1.0
wanova,0.0,0.0,1.0
watchdox,0.0,0.0,1.0
wattpad,0.0,0.0,1.0
waveaccounting,0.0,0.0,1.0
wavemark,0.0,0.0,1.0
wayin,0.0,0.0,1.0
wealthengine,0.0,0.0,1.0
webvanta,0.0,0.0,1.0
weddingwire,0.0,0.0,1.0
wedpics,0.0,0.0,1.0
weebly,0.0,0.0,1.0
wellfount,0.0,0.0,1.0
wellnessfx,0.0,0.0,1.0
welltok,0.0,0.0,1.0
weplay,0.0,1.0,0.0
wespeke,0.0,0.0,1.0
wetpaint,0.0,0.0,1.0
whisper,1.0,0.0,0.0
whoop,1.0,0.0,0.0
whosay,0.0,0.0,1.0
wibidata,0.0,0.0,1.0
wickr,0.0,0.0,1.0
wideorbit,0.0,0.0,1.0
widgetbox,0.0,0.0,1.0
wikinvest,0.0,1.0,0.0
wisertogether,0.0,1.0,0.0
wispry,0.0,0.0,1.0
witricity,0.0,0.0,1.0
wize,0.0,0.0,1.0
wochit,0.0,0.0,1.0
wonga,0.0,0.0,1.0
wooga,0.0,0.0,1.0
woome,0.0,0.0,1.0
woozworld,0.0,0.0,1.0
wordnik,0.0,0.0,1.0
workflexsolutions,0.0,0.0,1.0
workmarket,0.0,0.0,1.0
workshare,0.0,0.0,1.0
worktopia,0.0,0.0,1.0
worldgolftour,0.0,0.0,1.0
worldmate,0.0,1.0,0.0
worldofgood,0.0,0.0,1.0
wowio,0.0,0.0,1.0
wrapmedia,0.0,0.0,1.0
wrightspeed,0.0,0.0,1.0
xactly,0.0,0.0,1.0
xagenic,0.0,0.0,1.0
xamarin,0.0,0.0,1.0
xaware,0.0,0.0,1.0
xcoraerospace,0.0,0.0,1.0
xeround,0.0,0.0,1.0
xhale,0.0,0.0,1.0
xignite,0.0,0.0,1.0
xkoto,0.0,1.0,0.0
xlerant,0.0,1.0,0.0
xlhybrids,0.0,0.0,1.0
xlumena,0.0,0.0,1.0
xunlight,0.0,0.0,1.0
yashi,0.0,0.0,1.0
ycdmultimedia,0.0,0.0,1.0
yesware,0.0,0.0,1.0
yext,0.0,0.0,1.0
yieldbuild,0.0,0.0,1.0
yieldmo,0.0,0.0,1.0
yipit,0.0,0.0,1.0
yola,0.0,0.0,1.0
yoolink,0.0,0.0,1.0
yottaa,0.0,0.0,1.0
yottamark,0.0,0.0,1.0
younow,0.0,1.0,0.0
yume,0.0,0.0,1.0
zadarastorage,0.0,0.0,1.0
zadspace,0.0,0.0,1.0
zanbato,0.0,0.0,1.0
zannel,0.0,0.0,1.0
zapproved,0.0,0.0,1.0
zattoo,0.0,0.0,1.0
zazzle,0.0,0.0,1.0
zeachem,0.0,0.0,1.0
zecco,0.0,0.0,1.0
zefr,0.0,0.0,1.0
zendesk,0.0,0.0,1.0
zenoss,0.0,0.0,1.0
zerto,0.0,0.0,1.0
zettaset,0.0,0.0,1.0
zhihu,0.0,0.0,1.0
zignallabs,0.0,0.0,1.0
zillow,0.0,0.0,1.0
zimperium,0.0,0.0,1.0
zirx,0.0,0.0,1.0
zmags,0.0,0.0,1.0
zocdoc,0.0,0.0,1.0
zoomdata,0.0,0.0,1.0
zoosk,0.0,0.0,1.0
zoove,0.0,0.0,1.0
zooz,0.0,0.0,1.0
zozi,0.0,0.0,1.0
zuberance,0.0,0.0,1.0
zubie,0.0,0.0,1.0
zumigo,0.0,1.0,0.0
zvents,0.0,1.0,0.0
zya,0.0,0.0,1.0
zymesolutions,0.0,0.0,1.0
zymeworks,0.0,1.0,0.0
zyncro,0.0,0.0,1.0
zynstra,0.0,0.0,1.0
